session_id,created_at,updated_at,authentication_method,id
ac5ea5a9-2413-4dcf-b50e-127c07bad614,"""2026-09-18T12:45:38.787Z""","""2026-09-18T12:45:38.787Z""",password,c05cd714-b877-4932-a318-d2bc2becd1be
546fb32f-3e88-4504-9d23-f8c090b7f925,"""2026-09-11T09:46:01.389Z""","""2026-09-11T09:46:01.389Z""",password,417e0890-5801-4c99-b814-9095f43e3144
aa262dbb-d73e-4a43-9f2c-65f88f2cd750,"""2026-09-11T11:56:12.418Z""","""2026-09-11T11:56:12.418Z""",password,4f9a4065-0065-45b5-b46f-b4ab0e164395
b17c9755-830a-4d02-9733-d16da3da41d2,"""2026-09-11T12:10:41.831Z""","""2026-09-11T12:10:41.831Z""",password,456aa4a4-d1a1-41ad-9e69-9d34e2708cf5
ef922435-68b0-43b6-ac6d-8e8afe1c8149,"""2026-09-11T12:33:15.757Z""","""2026-09-11T12:33:15.757Z""",password,4268c0da-a006-422b-8a39-8dc5d3c44f3e
8e190bb6-eed5-48e8-9c0a-0f6578ada5f8,"""2026-09-11T13:31:42.532Z""","""2026-09-11T13:31:42.532Z""",password,f1ffea10-41f4-416b-9101-7b7c72299702
9d90c5a6-fd51-4379-8156-1b26ad0439fc,"""2026-09-19T14:37:39.653Z""","""2026-09-19T14:37:39.653Z""",password,a0a7d41d-94ec-4e68-bcaf-612a24a887b8
f2441d4c-4874-48a3-8351-7f36ce0b956b,"""2026-09-22T09:52:10.362Z""","""2026-09-22T09:52:10.362Z""",password,11d3bad7-aaf3-4b29-a37e-ac98d806aac4
76095e30-8cd9-42e3-9791-323fbdb48c4a,"""2026-09-22T11:00:46.792Z""","""2026-09-22T11:00:46.792Z""",password,443f552b-d261-41c1-94ec-55a0b66c6149
3baed8d7-023b-4013-b15b-8a8560377e39,"""2026-09-23T08:34:46.089Z""","""2026-09-23T08:34:46.089Z""",password,33c04171-141b-4062-854e-0246bb065510
ff3c1d85-5ca0-4bdf-bd7f-a60c338968c8,"""2026-09-24T09:26:40.249Z""","""2026-09-24T09:26:40.249Z""",password,fe5aecc9-9076-45ff-b120-a0107e7461ff
cd77f20a-6715-4515-8aa2-a1e757105141,"""2026-09-24T09:28:17.861Z""","""2026-09-24T09:28:17.861Z""",password,6e9b9a2a-3abf-4b6d-8b74-854c50f370ad
d93aec45-6b5d-4ec9-a234-bd3141b5ff70,"""2026-08-30T04:25:57.763Z""","""2026-08-30T04:25:57.763Z""",password,31cf31b2-7d61-47d1-ac00-a1cac0de6823
5808aa9b-42d4-4b67-9a5a-01acd1db62c4,"""2026-09-25T06:33:10.719Z""","""2026-09-25T06:33:10.719Z""",password,fb4e3af4-2fa3-4ad5-9105-20e36f4d0403
6f7ecb0a-342e-45d2-a450-48e82a1e143c,"""2026-09-26T04:53:25.148Z""","""2026-09-26T04:53:25.148Z""",password,56db8685-15d6-4145-810a-5b794cc28941
97c89c96-031e-4dfe-adcf-eda9664f7b9a,"""2026-09-26T05:57:33.450Z""","""2026-09-26T05:57:33.450Z""",password,6649671b-35f9-42bd-ba5b-9811ba89a170
a03c8b37-dc78-49fa-875d-b5ed22cbcda2,"""2026-09-26T06:40:58.190Z""","""2026-09-26T06:40:58.190Z""",password,02665fd6-83ff-4d58-8961-fc452beb6b95
bbc0481d-955f-4489-851a-647eb38a8e3c,"""2026-09-26T09:01:13.075Z""","""2026-09-26T09:01:13.075Z""",password,01bf9087-1b70-429a-a7d9-80ba518cdffe
772a7b0b-1583-44bb-9037-75884aeddd7a,"""2026-09-13T13:33:44.911Z""","""2026-09-13T13:33:44.911Z""",password,ef1f364d-4c32-4a20-b6c1-c8cd5460fd7b
6c31883f-d56d-4228-8a1d-7d6b70719e31,"""2026-09-14T14:46:32.140Z""","""2026-09-14T14:46:32.140Z""",password,52324b65-f9d6-485d-ae3d-b15d3005f8b5
ceff4317-ee67-474a-b463-e776d88a185b,"""2026-09-05T12:27:11.751Z""","""2026-09-05T12:27:11.751Z""",password,72bfdef3-8195-4c67-ab29-99b848358653
27e7d87e-b65a-4290-a306-4baaf64635ea,"""2026-09-06T10:44:46.402Z""","""2026-09-06T10:44:46.402Z""",password,99a92bf0-239e-41ef-b2dc-a37de2b55f5f
c62ba7b0-e697-42bc-9eeb-56adff7efc8c,"""2026-09-06T10:45:25.581Z""","""2026-09-06T10:45:25.581Z""",password,0de87c76-d94b-4450-a0bf-ffbd4f87ef7e
84636de1-d54a-4615-abbc-21be7b4f3c9d,"""2026-09-07T06:30:00.267Z""","""2026-09-07T06:30:00.267Z""",password,8a8e3acf-3e71-44c8-985a-eb54e736877c
87e03c5f-3a9c-4f7c-a74a-895c43d63b22,"""2026-09-08T08:42:40.195Z""","""2026-09-08T08:42:40.195Z""",password,9505399d-fdad-47e7-8b3d-75f035f3f06b
e9c79e03-c7d9-4de5-ac3f-e7399cc4ac62,"""2026-09-08T08:42:43.533Z""","""2026-09-08T08:42:43.533Z""",password,83c25c60-633a-4cce-8cba-a8eeb3e46f06
c0f6b926-7071-4185-bcd8-85f21ab98a61,"""2026-09-08T08:55:09.061Z""","""2026-09-08T08:55:09.061Z""",password,53b8738d-6b74-43e2-a0a8-d48cffae36f2