outlet_id,oil_type,size,stock,unit
RR,Cem-Ceman,Kecil,0,botol
RR,Foot Cream,Besar,0,botol
D1,Herbal,Kecil,13,botol
DR,Relaxing,Besar,9,botol
D2,Aloevera Cream,Besar,4,botol
DR,Hot Oil,Besar,13,botol
DR,Refreshing,Kecil,18,botol
DP,Herbal,Kecil,20,botol
RR,Aromatic Oil,Besar,14,botol
Y,Aromatic Oil,Kecil,14,botol
Y,Hot Oil,Besar,17,botol
D2,Refreshing,Besar,7,botol
Y,Herbal,Besar,22,botol
D2,Foot Cream,Kecil,22,botol
DP,Refreshing,Besar,18,botol
DP,Foot Cream,Besar,0,botol
D1,Refreshing,Besar,15,botol
DP,Aromatic Oil,Kecil,19,botol
DR,Foot Cream,Kecil,0,botol
D1,Hot Oil,Besar,11,botol
DR,Aloevera Cream,Besar,2,botol
Y,Cem-Ceman,Besar,10,botol
RR,Refreshing,Kecil,1,botol
RR,Relaxing,Kecil,11,botol
D2,Hot Oil,Besar,23,botol
D1,Refreshing,Kecil,14,botol
RR,Aromatic Oil,Kecil,8,botol
DR,Aromatic Oil,Kecil,17,botol
Y,Relaxing,Besar,0,botol
DR,Herbal,Besar,22,botol
RR,Hot Oil,Besar,22,botol
Y,Cem-Ceman,Kecil,13,botol
D1,Aloevera Cream,Besar,9,botol
D1,Foot Cream,Kecil,19,botol
DP,Relaxing,Besar,16,botol
DP,Refreshing,Kecil,21,botol
Y,Refreshing,Besar,0,botol
D2,Aromatic Oil,Kecil,22,botol
Y,Relaxing,Kecil,13,botol
D1,Relaxing,Besar,9,botol
Y,Hot Oil,Kecil,12,botol
DP,Aromatic Oil,Besar,17,botol
DP,Hot Oil,Besar,19,botol
RR,Foot Cream,Kecil,1,botol
RR,Cem-Ceman,Besar,3,botol
Y,Foot Cream,Kecil,23,botol
DR,Relaxing,Kecil,12,botol
D1,Herbal,Besar,14,botol
D1,Aromatic Oil,Besar,12,botol
DR,Aromatic Oil,Besar,4,botol
D1,Aloevera Cream,Kecil,0,botol
D2,Aloevera Cream,Kecil,0,botol
Y,Aloevera Cream,Kecil,0,botol
D2,Hot Oil,Kecil,17,botol
DP,Relaxing,Kecil,23,botol
DR,Cem-Ceman,Besar,1,botol
D1,Relaxing,Kecil,15,botol
D2,Cem-Ceman,Kecil,6,botol
D1,Cem-Ceman,Besar,13,botol
D2,Relaxing,Kecil,16,botol
DR,Herbal,Kecil,19,botol
DR,Aloevera Cream,Kecil,0,botol
D2,Herbal,Besar,22,botol
D2,Relaxing,Besar,1,botol
RR,Aloevera Cream,Kecil,0,botol
DR,Foot Cream,Besar,0,botol
DP,Foot Cream,Kecil,56,botol
DR,Refreshing,Besar,10,botol
Y,Foot Cream,Besar,26,botol
DP,Herbal,Besar,23,botol
DR,Cem-Ceman,Kecil,1,botol
D2,Aromatic Oil,Besar,29,botol
D1,Cem-Ceman,Kecil,8,botol
D2,Refreshing,Kecil,8,botol
RR,Herbal,Besar,29,botol
D2,Herbal,Kecil,14,botol
DP,Aloevera Cream,Besar,18,botol
DP,Hot Oil,Kecil,18,botol
DR,Hot Oil,Kecil,24,botol
DP,Aloevera Cream,Kecil,0,botol
D1,Hot Oil,Kecil,10,botol
DP,Cem-Ceman,Besar,8,botol
RR,Aloevera Cream,Besar,9,botol
RR,Herbal,Kecil,16,botol
RR,Refreshing,Besar,15,botol
DP,Cem-Ceman,Kecil,0,botol
Y,Herbal,Kecil,32,botol
D1,Foot Cream,Besar,0,botol
RR,Relaxing,Besar,11,botol
Y,Aloevera Cream,Besar,5,botol
Y,Refreshing,Kecil,5,botol
RR,Hot Oil,Kecil,16,botol
D2,Cem-Ceman,Besar,9,botol
Y,Aromatic Oil,Besar,1,botol
D2,Foot Cream,Besar,0,botol
D1,Aromatic Oil,Kecil,11,botol