employee_id,employee_name,outlet_id,date,type,overtime_minutes,note,recorded_at
5a32717c-21bc-495a-a177-c11e80b9a131,HANUM,DR,2026-08-30,lembur,37,,"""2026-08-30T06:12:38.357Z"""
8ca4ea45-6269-40b4-b2e8-e4276cd96671,sahni,DR,2026-08-30,lembur,37,,"""2026-08-30T06:13:02.017Z"""
de7fab3d-ba97-4581-a08b-996b34817cc2,Riri,DR,2026-08-30,lembur,37,,"""2026-08-30T06:12:11.506Z"""
d0cc64f8-2c8a-4921-8ed7-b460d6f8c598,Suhir,DR,2026-08-30,hadir,0,,"""2026-08-30T07:21:31.453Z"""
79df502e-2aa2-4398-ac14-6afab3aa945b,Nia,DR,2026-08-30,hadir,0,,"""2026-08-30T07:21:55.335Z"""
2c790834-7f51-4fd5-95fe-001f8365d0d8,Afdon,DR,2026-08-30,hadir,0,,"""2026-08-30T07:22:33.003Z"""
bdbe4ea3-ae67-4f35-bdef-ff8ce7072294,Sahara,DR,2026-08-30,hadir,0,,"""2026-08-30T07:22:40.506Z"""
f7c62769-55b5-41ad-86dd-1aa12ca391c7,Runi,DR,2026-08-30,alpha,0,,"""2026-08-30T08:53:30.297Z"""
e36501fc-dfef-4504-a122-1d4955818ccc,Samy,DR,2026-08-30,hadir,0,,"""2026-08-30T09:13:33.760Z"""
72fdd72f-83ff-4651-95d3-cd5693666ade,Arya,DR,2026-08-31,lembur,25,,"""2026-08-31T06:25:08.165Z"""
9e2954be-24de-4914-b51f-c6b38d579b29,Ripan,DR,2026-09-01,alpha,0,,"""2026-09-01T11:09:16.353Z"""
72fdd72f-83ff-4651-95d3-cd5693666ade,Arya,DR,2026-09-02,sakit,0,,"""2026-09-02T02:01:03.662Z"""
9e2954be-24de-4914-b51f-c6b38d579b29,Ripan,DR,2026-09-02,sakit,0,,"""2026-09-02T02:01:11.919Z"""
6d14302b-61a0-4e39-bf33-a2bbb40cf80f,Ily,DR,2026-09-02,sakit,0,,"""2026-09-02T03:26:24.555Z"""
79df502e-2aa2-4398-ac14-6afab3aa945b,Nia,DR,2026-09-02,alpha,0,,"""2026-09-02T11:46:08.121Z"""
ad802098-81bb-4b6f-a22b-838fec4705fb,Ayuha,DR,2026-09-02,lembur,0,,"""2026-09-02T15:02:21.368Z"""
5f1f9914-7de7-462c-8308-7c3511106186,Fitri,DR,2026-09-02,lembur,0,,"""2026-09-02T15:02:38.169Z"""
6d14302b-61a0-4e39-bf33-a2bbb40cf80f,Ily,DR,2026-09-03,sakit,0,,"""2026-09-03T02:22:26.666Z"""
ea0a2774-4f12-4f8c-9237-47c8afcabae7,Uswa,DR,2026-09-03,sakit,0,,"""2026-09-03T03:34:02.687Z"""
5ca54799-0122-4d49-a038-4aa9d9e55475,Aisyah,DR,2026-09-03,sakit,0,,"""2026-09-03T11:59:03.812Z"""
91d7f19c-e4d2-4560-bed6-561e9af22db6,Putri,DR,2026-09-03,sakit,0,,"""2026-09-03T13:15:02.820Z"""
ff52bf7b-ffc3-4142-ba7c-78063a3ea3de,Aulia,RR,2026-09-04,hadir,0,,"""2026-09-04T06:53:15.141Z"""
ea0a2774-4f12-4f8c-9237-47c8afcabae7,Uswa,DR,2026-09-04,lembur,0,,"""2026-09-04T10:22:27.320Z"""
8e16f184-84b8-4c55-b342-c12a85572dab,Ega,DR,2026-09-04,lembur,0,,"""2026-09-04T10:32:22.826Z"""
f8c01bf7-b21f-41ac-89ec-f7747adad431,Titik,DP,2026-09-05,sakit,0,,"""2026-09-05T01:48:13.413Z"""
6d14302b-61a0-4e39-bf33-a2bbb40cf80f,Ily,DP,2026-09-05,sakit,0,,"""2026-09-05T01:48:22.618Z"""
bdbe4ea3-ae67-4f35-bdef-ff8ce7072294,Sahara,DR,2026-09-05,sakit,0,,"""2026-09-05T01:57:01.878Z"""
2c790834-7f51-4fd5-95fe-001f8365d0d8,Afdon,DR,2026-09-05,hadir,0,,"""2026-09-05T03:10:19.220Z"""
5a32717c-21bc-495a-a177-c11e80b9a131,HANUM,DR,2026-09-05,hadir,0,,"""2026-09-05T03:10:30.969Z"""
e99ff34b-747f-4467-8ca2-d4341848a557,Gading,DR,2026-09-05,hadir,0,,"""2026-09-05T03:10:52.958Z"""
5f1f9914-7de7-462c-8308-7c3511106186,Fitri,RR,2026-09-06,alpha,0,,"""2026-09-06T10:34:36.695Z"""
e36501fc-dfef-4504-a122-1d4955818ccc,Samy,DR,2026-09-06,alpha,0,,"""2026-09-06T13:15:19.464Z"""
bdbe4ea3-ae67-4f35-bdef-ff8ce7072294,Sahara,DR,2026-09-06,sakit,0,,"""2026-09-06T13:15:32.224Z"""
ea0a2774-4f12-4f8c-9237-47c8afcabae7,Uswa,DR,2026-09-07,sakit,0,,"""2026-09-07T07:41:50.967Z"""
2c790834-7f51-4fd5-95fe-001f8365d0d8,Afdon,DR,2026-09-07,hadir,0,,"""2026-09-07T07:42:52.134Z"""
f61f1774-297c-4c02-bb25-fb2c31edc746,Ali,DR,2026-09-07,hadir,0,,"""2026-09-07T07:43:14.136Z"""
79df502e-2aa2-4398-ac14-6afab3aa945b,Nia,DR,2026-09-07,hadir,0,,"""2026-09-07T07:43:29.115Z"""
e36501fc-dfef-4504-a122-1d4955818ccc,Samy,DR,2026-09-07,hadir,0,,"""2026-09-07T07:43:32.876Z"""
6a657268-95b8-4502-ab2e-71f5b388d03b,Nur,DR,2026-09-07,hadir,0,,"""2026-09-07T07:44:03.769Z"""
69e4865c-9575-476f-b6e3-c27027d917d2,Ira,DR,2026-09-07,hadir,0,,"""2026-09-07T07:44:10.819Z"""
f7c62769-55b5-41ad-86dd-1aa12ca391c7,Runi,DR,2026-09-07,hadir,0,,"""2026-09-07T07:44:37.592Z"""
bdbe4ea3-ae67-4f35-bdef-ff8ce7072294,Sahara,DR,2026-09-07,sakit,0,,"""2026-09-07T07:44:48.966Z"""
8e16f184-84b8-4c55-b342-c12a85572dab,Ega,DR,2026-09-07,lembur,0,,"""2026-09-07T08:48:41.838Z"""
ea0a2774-4f12-4f8c-9237-47c8afcabae7,Uswa,DR,2026-09-08,sakit,0,,"""2026-09-08T02:50:13.492Z"""
69e4865c-9575-476f-b6e3-c27027d917d2,Ira,DR,2026-09-08,sakit,0,,"""2026-09-08T02:50:20.802Z"""
f8c01bf7-b21f-41ac-89ec-f7747adad431,Titik,DR,2026-09-08,sakit,0,,"""2026-09-08T04:30:42.584Z"""
e3e0516e-e732-4ab2-9123-85d275e50acc,Ron,D1,2026-09-08,sakit,0,,"""2026-09-08T07:32:42.464Z"""
90c64658-fdae-4ea5-8cd3-4fab6f95036f,Esi,RR,2026-09-08,alpha,0,,"""2026-09-08T07:57:33.857Z"""
91d7f19c-e4d2-4560-bed6-561e9af22db6,Putri,RR,2026-09-08,sakit,0,,"""2026-09-08T07:58:03.902Z"""
69e4865c-9575-476f-b6e3-c27027d917d2,Ira,DR,2026-09-10,lembur,0,,"""2026-09-10T06:14:47.289Z"""
e205ff96-6cee-4842-85bd-03ef8fa1b501,Doni,RR,2026-09-13,lembur,60,,"""2026-09-13T13:34:26.766Z"""
d0858124-e5b5-47d6-bb53-b2a5c26cfda5,Try,RR,2026-09-13,lembur,18,,"""2026-09-13T14:35:17.764Z"""
f2bf1175-3852-4c02-a337-a347fb8f0c58,Bayu,RR,2026-09-13,lembur,18,,"""2026-09-13T14:35:29.628Z"""
ad802098-81bb-4b6f-a22b-838fec4705fb,Ayuha,RR,2026-09-13,lembur,18,,"""2026-09-13T14:45:19.874Z"""
7e0fdde7-bb19-460a-b925-10d776bfd76f,Destia,DP,2026-09-14,sakit,0,,"""2026-09-14T05:53:00.534Z"""
5ca54799-0122-4d49-a038-4aa9d9e55475,Aisyah,DP,2026-09-14,izin,0,,"""2026-09-14T05:59:23.318Z"""
d0858124-e5b5-47d6-bb53-b2a5c26cfda5,Try,DR,2026-09-17,alpha,0,,"""2026-09-17T11:13:46.592Z"""
72ffdff3-8303-4112-b693-faa2e96590db,Feri,DR,2026-09-19,lembur,35,,"""2026-09-19T06:37:29.142Z"""
2c790834-7f51-4fd5-95fe-001f8365d0d8,Afdon,DR,2026-09-19,hadir,0,,"""2026-09-19T06:38:49.283Z"""
f61f1774-297c-4c02-bb25-fb2c31edc746,Ali,DR,2026-09-19,hadir,0,,"""2026-09-19T06:38:53.789Z"""
5a32717c-21bc-495a-a177-c11e80b9a131,HANUM,DR,2026-09-19,hadir,0,,"""2026-09-19T06:39:01.597Z"""
e99ff34b-747f-4467-8ca2-d4341848a557,Gading,DR,2026-09-19,hadir,0,,"""2026-09-19T06:39:09.267Z"""
f61f1774-297c-4c02-bb25-fb2c31edc746,Ali,DR,2026-09-20,lembur,45,,"""2026-09-20T07:39:48.198Z"""
f2bf1175-3852-4c02-a337-a347fb8f0c58,Bayu,DR,2026-09-20,lembur,45,,"""2026-09-20T07:40:00.279Z"""
16d79a4e-cfda-4025-95b0-9aced64c21f1,Indah,DR,2026-09-20,hadir,0,,"""2026-09-20T07:40:24.220Z"""
49812d9e-8d2c-43df-ad94-e1de31e41b52,Riska,DR,2026-09-20,hadir,0,,"""2026-09-20T07:41:10.038Z"""
bdbe4ea3-ae67-4f35-bdef-ff8ce7072294,Sahara,DR,2026-09-20,hadir,0,,"""2026-09-20T07:41:13.907Z"""
f7c62769-55b5-41ad-86dd-1aa12ca391c7,Runi,DR,2026-09-20,hadir,0,,"""2026-09-20T07:42:19.990Z"""
d0cc64f8-2c8a-4921-8ed7-b460d6f8c598,Suhir,DR,2026-09-20,telat,0,,"""2026-09-20T07:42:40.919Z"""
04b0c304-d883-4bfd-b0e6-9ac54dd2f562,Pian,D2,2026-09-20,lembur,30,,"""2026-09-20T07:40:06.580Z"""
e205ff96-6cee-4842-85bd-03ef8fa1b501,Doni,RR,2026-09-22,lembur,15,,"""2026-09-22T06:16:23.288Z"""
8f41a6dd-544e-48af-9d31-75765270c72e,Risma,RR,2026-09-22,lembur,15,,"""2026-09-22T06:16:37.765Z"""
6d14302b-61a0-4e39-bf33-a2bbb40cf80f,Ily,D1,2026-09-22,hadir,0,,"""2026-09-22T13:05:59.874Z"""
f7c62769-55b5-41ad-86dd-1aa12ca391c7,Runi,DR,2026-09-23,sakit,0,,"""2026-09-23T07:00:06.652Z"""
6d14302b-61a0-4e39-bf33-a2bbb40cf80f,Ily,D1,2026-09-23,hadir,0,,"""2026-09-23T07:07:21.690Z"""
e205ff96-6cee-4842-85bd-03ef8fa1b501,Doni,RR,2026-09-24,lembur,21,,"""2026-09-24T06:21:16.650Z"""
7d8b123e-9080-4ffe-ab57-393a5f509a17,Lia,RR,2026-09-24,lembur,15,,"""2026-09-24T14:25:22.781Z"""
de7fab3d-ba97-4581-a08b-996b34817cc2,Riri,RR,2026-09-24,lembur,15,,"""2026-09-24T14:25:33.197Z"""
9e2954be-24de-4914-b51f-c6b38d579b29,Ripan,RR,2026-09-24,lembur,15,,"""2026-09-24T07:42:39.953Z"""
e3e0516e-e732-4ab2-9123-85d275e50acc,Ron,D1,2026-09-25,hadir,0,,"""2026-09-25T06:55:17.168Z"""
eb01dcfc-1bec-4e2d-bb46-6ed9162ecd09,Panji,D1,2026-09-25,lembur,37,,"""2026-09-25T06:56:39.830Z"""
6d14302b-61a0-4e39-bf33-a2bbb40cf80f,Ily,D1,2026-09-25,lembur,16,,"""2026-09-25T07:17:01.166Z"""
de7fab3d-ba97-4581-a08b-996b34817cc2,Riri,D1,2026-09-25,lembur,37,,"""2026-09-25T07:21:33.392Z"""
f2ca1199-88f6-433f-afb0-ff534fbf2ea8,Novita,RR,2026-09-26,lembur,15,,"""2026-09-26T08:38:06.542Z"""
5f6805de-aaac-4502-b5c5-890dc979da25,Fenti,D2,2026-09-26,lembur,45,,"""2026-09-26T08:49:32.004Z"""
5ca54799-0122-4d49-a038-4aa9d9e55475,Aisyah,DR,2026-09-26,lembur,46,,"""2026-09-26T13:47:38.363Z"""
8e16f184-84b8-4c55-b342-c12a85572dab,Ega,DR,2026-09-26,lembur,46,,"""2026-09-26T13:47:46.379Z"""
5a32717c-21bc-495a-a177-c11e80b9a131,HANUM,DR,2026-09-26,lembur,46,,"""2026-09-26T13:47:59.127Z"""
7e0fdde7-bb19-460a-b925-10d776bfd76f,Destia,DR,2026-09-26,lembur,46,,"""2026-09-26T13:48:10.666Z"""
f61f1774-297c-4c02-bb25-fb2c31edc746,Ali,DR,2026-09-26,lembur,15,,"""2026-09-26T13:48:20.598Z"""
fd2da9c1-44ac-4d06-8519-b9db8ffd59b6,Jefri,DR,2026-09-26,lembur,15,,"""2026-09-26T13:48:33.630Z"""
04b0c304-d883-4bfd-b0e6-9ac54dd2f562,Pian,DR,2026-09-26,lembur,15,,"""2026-09-26T13:48:49.601Z"""
bf780840-a748-43da-b96d-cf9312b3aeab,Tumin,RR,2026-09-26,lembur,60,,"""2026-09-26T14:17:33.799Z"""
f8c01bf7-b21f-41ac-89ec-f7747adad431,Titik,RR,2026-09-26,lembur,60,,"""2026-09-26T14:17:40.959Z"""
8ca4ea45-6269-40b4-b2e8-e4276cd96671,sahni,RR,2026-09-26,lembur,60,,"""2026-09-26T14:17:49.257Z"""
f2bf1175-3852-4c02-a337-a347fb8f0c58,Bayu,RR,2026-09-26,lembur,30,,"""2026-09-26T14:19:43.452Z"""
1d0ac979-1a9e-4da9-ba6d-761079d331ff,Reno,RR,2026-09-26,lembur,30,,"""2026-09-26T07:33:31.767Z"""
93fda9d4-f1b7-443d-880c-84333b7de070,Ayy,RR,2026-09-26,lembur,17,,"""2026-09-26T14:28:39.120Z"""