id,name,role,home_outlet_id,shift,status,current_outlet_id,current_booking_ids,current_booking_id,current_treatment_names,current_treatment_name,current_paid,current_payment_method,current_price,current_group_id,start_at,end_at
016783a6-1297-4a60-b68a-bc8265219239,mia,terapis,DP,,free,,,,,,,,,,,
91d7f19c-e4d2-4560-bed6-561e9af22db6,Putri,terapis,RR,sp,free,,,,,,true,cardless,7150000,,,
04b0c304-d883-4bfd-b0e6-9ac54dd2f562,Pian,terapis,D2,malam,free,,,,,,,,,,,
6d14302b-61a0-4e39-bf33-a2bbb40cf80f,Ily,terapis,D1,malam,libur,,,,,,,,,,,
e2a2a489-07bb-4855-a3d0-4f44eefa0918,Laura,terapis,D1,sp,libur,,,,,,,,,,,
7d8b123e-9080-4ffe-ab57-393a5f509a17,Lia,terapis,D2,st,free,,,,,,,,,,,
c48c066a-393a-4ff0-8bf0-b7592b67c51c,Misna,terapis,Y,malam,libur,,,,,,,,,,,
e2fdd362-e83f-485d-9bca-0784079938dd,Ulan,terapis,RR,sp,libur,,,,,,,,,,,
90c64658-fdae-4ea5-8cd3-4fab6f95036f,Esi,terapis,RR,malam,libur,,,,,,,,,,,
1d0ac979-1a9e-4da9-ba6d-761079d331ff,Reno,terapis,Y,sp,free,,,,,,true,cash,3300000,,,
70e75ed0-2c22-47de-8e3b-1c53656cfe35,Zul,terapis,RR,st,libur,,,,,,,,,,,
566379ff-3a89-4b1d-adb7-74097072d948,Azi,terapis,DP,,free,,,,,,,,,,,
13fe53d6-83a7-4cf1-8b0b-096fc8745d60,Rizal,terapis,D1,,free,,,,,,,,,,,
5a32717c-21bc-495a-a177-c11e80b9a131,HANUM,terapis,DR,sp,free,,,,,,,,,,,
16d79a4e-cfda-4025-95b0-9aced64c21f1,Indah,terapis,DR,malam,free,,,,,,,,,,,
bac2846b-8c24-4bff-a8c5-bb9d661b5155,Rian,terapis,DR,malam,libur,,,,,,,,,,,
de7fab3d-ba97-4581-a08b-996b34817cc2,Riri,terapis,D1,sp,free,,,,,,,,,,,
49812d9e-8d2c-43df-ad94-e1de31e41b52,Riska,terapis,DR,sp,free,,,,,,,,,,,
e99ff34b-747f-4467-8ca2-d4341848a557,Gading,terapis,DR,st,libur,,,,,,,,,,,
8386802f-1d09-4953-8d84-7d915a321707,Nas,terapis,DP,sp,free,,,,,,,,,,,
8f41a6dd-544e-48af-9d31-75765270c72e,Risma,terapis,RR,malam,libur,,,,,,,,,,,
f2ca1199-88f6-433f-afb0-ff534fbf2ea8,Novita,terapis,DP,st,free,,,,,,,,,,,
2c790834-7f51-4fd5-95fe-001f8365d0d8,Afdon,terapis,DR,sp,free,,,,,,,,,,,
5ca54799-0122-4d49-a038-4aa9d9e55475,Aisyah,terapis,RR,sp,free,,,,,,true,cardless,1300000,,,
72ffdff3-8303-4112-b693-faa2e96590db,Feri,terapis,RR,sp,free,,,,,,true,cardless,1400000,,,
f8c01bf7-b21f-41ac-89ec-f7747adad431,Titik,terapis,DP,,free,,,,,,true,cardless,550000,,,
d0858124-e5b5-47d6-bb53-b2a5c26cfda5,Try,terapis,DP,malam,libur,,,,,,,,,,,
55cd5b53-5b64-49e6-bf4a-a0a31fd356cb,Maya,terapis,DR,malam,libur,,,,,,,,,,,
2459cda9-50a8-429f-ad10-b53bca9fb6bb,Ikiy,terapis,RR,,libur,,,,,,,,,,,
d0cc64f8-2c8a-4921-8ed7-b460d6f8c598,Suhir,terapis,DR,malam,libur,,,,,,,,,,,
bdbe4ea3-ae67-4f35-bdef-ff8ce7072294,Sahara,terapis,DR,malam,libur,,,,,,,,,,,
f7c62769-55b5-41ad-86dd-1aa12ca391c7,Runi,terapis,DR,malam,libur,,,,,,,,,,,
7e0fdde7-bb19-460a-b925-10d776bfd76f,Destia,terapis,DR,sp,free,,,,,,,,,,,
ff52bf7b-ffc3-4142-ba7c-78063a3ea3de,Aulia,terapis,RR,,free,,,,,,true,cash,3060000,,,
e3e0516e-e732-4ab2-9123-85d275e50acc,Ron,terapis,D1,malam,free,,,,,,,,,,,
b774e0f9-34f0-4004-9204-d33e45a95326,Sumi,terapis,DP,sp,free,,,,,,,,,,,
6a657268-95b8-4502-ab2e-71f5b388d03b,Nur,terapis,DR,st,free,,,,,,true,cardless,10300000,,,
72fdd72f-83ff-4651-95d3-cd5693666ade,Arya,terapis,DR,sp,libur,,,,,,,,,,,
e205ff96-6cee-4842-85bd-03ef8fa1b501,Doni,terapis,DR,st,free,,,,,,true,cardless,3300000,,,
e36501fc-dfef-4504-a122-1d4955818ccc,Samy,terapis,D2,malam,libur,,,,,,,,,,,
eb01dcfc-1bec-4e2d-bb46-6ed9162ecd09,Panji,terapis,D1,sp,free,,,,,,true,cardless,200000,,,
bf780840-a748-43da-b96d-cf9312b3aeab,Tumin,terapis,RR,sp,free,,,,,,true,cash,7700000,,,
5f1f9914-7de7-462c-8308-7c3511106186,Fitri,terapis,RR,malam,libur,,,,,,,,,,,
8ca4ea45-6269-40b4-b2e8-e4276cd96671,sahni,terapis,RR,sp,free,,,,,,true,cardless,1400000,,,
79df502e-2aa2-4398-ac14-6afab3aa945b,Nia,terapis,DR,malam,libur,,,,,,,,,,,
5f6805de-aaac-4502-b5c5-890dc979da25,Fenti,terapis,D2,st,free,,,,,,,,,,,
69e4865c-9575-476f-b6e3-c27027d917d2,Ira,terapis,DR,malam,libur,,,,,,,,,,,
c0f18f77-6020-4a44-9ff7-cf994b0c8492,Ijal,terapis,RR,malam,free,,,,,,true,cardless,4500000,,,
fd2da9c1-44ac-4d06-8519-b9db8ffd59b6,Jefri,terapis,DR,sp,free,,,,,,,,,,,
f61f1774-297c-4c02-bb25-fb2c31edc746,Ali,terapis,DR,sp,free,,,,,,,,,,,
f2bf1175-3852-4c02-a337-a347fb8f0c58,Bayu,terapis,DP,sp,free,,,,,,true,cash,1200000,,,
9e2954be-24de-4914-b51f-c6b38d579b29,Ripan,terapis,RR,st,libur,,,,,,,,,,,
93fda9d4-f1b7-443d-880c-84333b7de070,Ayy,terapis,Y,sp,free,,,,,,true,cardless,800000,,,
ad802098-81bb-4b6f-a22b-838fec4705fb,Ayuha,terapis,RR,malam,libur,,,,,,,,,,,
ea0a2774-4f12-4f8c-9237-47c8afcabae7,Uswa,terapis,DP,sp,free,,,,,,,,,,,
8e16f184-84b8-4c55-b342-c12a85572dab,Ega,terapis,DP,malam,free,,,,,,,,,,,